state,yr,hcci_hl_cat,spend_pm,oop_pm,adj_price,adj_util_1k,price,util_1k,case_mix_index,spend_annual,oop_annual,util_annual,adj_util_annual,price_annual,adj_price_annual,case_mix_annual,spend_cmltv,oop_cmltv,util_cmltv,adj_util_cmltv,price_cmltv,adj_price_cmltv,case_mix_cmltv
AK,2013,Total,6571.991211,1070.248074,,,,,,,,0,0,0,0,0,0,0,0,0,0,0,0
AK,2014,Total,7060.131714,834.4399948,,,,,,0.074275889,-0.2203303,0.032347098,0.032205166,0.058925869,0.057143069,0.001368325,0.074275889,-0.2203303,0.032347098,0.032205166,0.058925869,0.057143069,0.001368325
AK,2015,Total,7706.014526,868.676712,,,,,,0.091483109,0.041029572,-0.002915477,0.009712782,0.095443957,0.081459684,0.012808653,0.17255399,-0.18834078,0.031350562,0.042799508,0.161690464,0.144226922,0.014371621
AK,2016,Total,7878.183716,912.6387787,,,,,,0.022342183,0.050608087,-0.026596042,-0.016476302,0.050286243,0.039278721,0.010586235,0.1987514,-0.14726426,0.006869199,0.027739105,0.221858282,0.190123431,0.025400952
AK,2017,Total,7468.747803,920.684185,,,,,,-0.051970851,0.008815543,-0.04085793,-0.030410121,-0.010920313,-0.021806986,0.011020946,0.13645127,-0.13974693,-0.032791908,-0.003963008,0.205263168,0.162243031,0.036075068
AL,2013,Total,4380.457703,879.601738,,,,,,,,0,0,0,0,0,0,0,0,0,0,0,0
AL,2014,Total,4489.087402,891.2028885,,,,,,0.02479871,0.013189094,-0.018838279,-0.020985116,0.045319911,0.047130954,-0.00187208,0.02479871,0.013189094,-0.018838279,-0.020985116,0.045319911,0.047130954,-0.00187208
AL,2015,Total,4614.140015,936.4202194,,,,,,0.027857022,0.050737415,0.002027905,0.001972346,0.025861131,0.025874894,-1.33E-06,0.053346552,0.064595692,-0.016563896,-0.019057132,0.072223246,0.074262858,-0.001830254
AL,2016,Total,4982.371033,966.9988441,,,,,,0.079804905,0.032654811,0.007689954,0.028635536,0.072421742,0.050454685,0.021180311,0.13740878,0.099359863,-0.009545925,0.00859122,0.150552552,0.129049076,0.019961671
AL,2017,Total,5030.567139,988.5340271,,,,,,0.009673327,0.022270123,-0.012315255,-0.017129782,0.021736228,0.027190344,-0.004994276,0.1484113,0.12384274,-0.021893324,-0.009330231,0.174012985,0.160350548,0.015094345
AR,2013,Total,3911.104858,805.63097,,,,,,,,0,0,0,0,0,0,0,0,0,0,0,0
AR,2014,Total,4019.654785,825.9652977,,,,,,0.027754286,0.02524025,-0.015327782,-0.008619567,0.045457294,0.038375409,0.007082017,0.027754286,0.02524025,-0.015327782,-0.008619567,0.045457294,0.038375409,0.007082017
AR,2015,Total,4160.760254,864.2103004,,,,,,0.035103876,0.046303403,-0.011834541,-0.011372792,0.047980273,0.047327933,0.000551614,0.063832447,0.072712362,-0.026630409,-0.019623797,0.096146796,0.088063477,0.007476851
AR,2016,Total,4453.12561,916.1981049,,,,,,0.07026729,0.060156427,0.01324745,0.030687673,0.056052806,0.038343533,0.017384903,0.13858508,0.1372429,-0.01362055,0.010505249,0.15892964,0.131567165,0.025035605
AR,2017,Total,4608.096313,947.4558029,,,,,,0.034800433,0.034116745,0.007981918,0.010147287,0.026365575,0.02439022,0.002602987,0.17820832,0.17604193,-0.004945762,0.02081121,0.189627033,0.159475746,0.027947266
AZ,2013,Total,4289.126221,783.581398,,,,,,,,0,0,0,0,0,0,0,0,0,0,0,0
AZ,2014,Total,4325.102234,799.3213196,,,,,,0.008387726,0.020087156,-0.028090669,-0.027985094,0.039422091,0.039424058,0.000171497,0.008387726,0.020087156,-0.028090669,-0.027985094,0.039422091,0.039424058,0.000171497
AZ,2015,Total,4465.219788,825.8463249,,,,,,0.032396358,0.033184409,-0.018208982,-0.010098836,0.05236679,0.043060252,0.008770147,0.041055813,0.053938143,-0.045497363,-0.037588079,0.093661539,0.084191456,0.0087594
AZ,2016,Total,4738.524841,872.7254333,,,,,,0.061207525,0.05676493,-0.008919453,0.004232999,0.071363565,0.056884554,0.013706914,0.10477626,0.11376487,-0.053505341,-0.033379751,0.17108836,0.145949082,0.022607372
AZ,2017,Total,4962.374023,903.7300644,,,,,,0.047240268,0.035526216,0.000610465,-0.002602825,0.046373458,0.049825032,-0.003165411,0.15696619,0.15333273,-0.052371981,-0.035682829,0.225745127,0.203549728,0.019437159
CA,2013,Total,4849.238281,568.9068756,,,,,,,,0,0,0,0,0,0,0,0,0,0,0,0
CA,2014,Total,4960.265869,565.7027969,,,,,,0.022895882,-0.005631992,-0.024329016,-0.017121086,0.049271882,0.041406406,0.007683275,0.022895882,-0.005631992,-0.024329016,-0.017121086,0.049271882,0.041406406,0.007683275
CA,2015,Total,5105.411621,558.0760155,,,,,,0.029261688,-0.013481958,-0.015605475,-0.013529699,0.045693172,0.043448448,0.002246034,0.052827541,-0.01903802,-0.039293542,-0.030367499,0.097495489,0.086977314,0.009927586
CA,2016,Total,5257.901367,560.8040009,,,,,,0.029868256,0.004888197,-0.016222822,-0.00929413,0.047171819,0.039773393,0.007140813,0.084273666,-0.014242884,-0.055060542,-0.039459055,0.149084108,0.130153058,0.017118797
CA,2017,Total,5466.114319,561.6299095,,,,,,0.039600011,0.001472723,-0.005646028,-0.008552175,0.046034006,0.04914927,-0.002935984,0.12721092,-0.012791137,-0.059669375,-0.047249041,0.201051082,0.18457054,0.014143884
CO,2013,Total,4833.79541,835.9616051,,,,,,,,0,0,0,0,0,0,0,0,0,0,0,0
CO,2014,Total,4934.354309,855.3457756,,,,,,0.020803301,0.023187872,-0.01783378,-0.023106059,0.03991565,0.045551915,-0.00528756,0.020803301,0.023187872,-0.01783378,-0.023106059,0.03991565,0.045551915,-0.00528756
CO,2015,Total,5105.686707,874.3017921,,,,,,0.034722354,0.022161817,-0.02070496,-0.010760348,0.056847148,0.046057095,0.010281455,0.056247994,0.045863573,-0.037922555,-0.03351224,0.099156206,0.093851021,0.004862521
CO,2016,Total,5198.909424,896.7154198,,,,,,0.018258605,0.02563603,-0.021757855,-0.012032856,0.040997814,0.030664191,0.01004707,0.075533606,0.072675362,-0.058952519,-0.045205208,0.144157737,0.127665365,0.014953629
CO,2017,Total,5487.402832,905.1209488,,,,,,0.055491138,0.009373686,0.008414019,0.012252076,0.047057597,0.042961712,0.004029185,0.13521619,0.082730286,-0.050718371,-0.03359503,0.197706338,0.175660912,0.019083183
CT,2013,Total,5328.562012,825.7752304,,,,,,,,0,0,0,0,0,0,0,0,0,0,0,0
CT,2014,Total,5501.287109,855.7203751,,,,,,0.032414954,0.036263071,-0.021221838,-0.018759662,0.055707379,0.052918135,0.002640237,0.032414954,0.036263071,-0.021221838,-0.018759662,0.055707379,0.052918135,0.002640237
CT,2015,Total,5604.594849,859.8188057,,,,,,0.018778831,0.004789451,-0.037891389,-0.024857083,0.059108947,0.044805203,0.01379716,0.051802501,0.041226201,-0.05813414,-0.043019181,0.118362395,0.100417297,0.016473072
CT,2016,Total,5940.627319,876.2027283,,,,,,0.059956603,0.019055087,0.013158034,0.023229761,0.046175541,0.03587424,0.010024776,0.11486501,0.061066858,-0.045713686,-0.02070854,0.17020924,0.140536005,0.026636267
CT,2017,Total,6232.0896,908.4544411,,,,,,0.049062543,0.036808506,0.003490634,0.009667155,0.04593617,0.039512374,0.006162662,0.16956311,0.10012314,-0.042333736,-0.01143811,0.223620296,0.18485193,0.033027411
DC,2013,Total,4473.715515,587.2185535,,,,,,,,0,0,0,0,0,0,0,0,0,0,0,0
DC,2014,Total,4712.740601,615.3377037,,,,,,0.053428762,0.047885325,0.000516372,0.010195853,0.055527067,0.045856544,0.009768209,0.053428762,0.047885325,0.000516372,0.010195853,0.055527067,0.045856544,0.009768209
DC,2015,Total,5133.121216,630.9735241,,,,,,0.089200884,0.025410146,-0.004051872,-0.004647514,0.098221376,0.098319525,-0.000533829,0.14739554,0.074512243,-0.003486422,0.00545154,0.15850409,0.147837937,0.009326161
DC,2016,Total,5229.215576,644.9015045,,,,,,0.018720454,0.022073796,-0.010336685,-0.002901652,0.031764806,0.024123577,0.007653536,0.16887531,0.098230802,-0.014078738,0.002487539,0.193968507,0.175554685,0.01689318
DC,2017,Total,5488.487854,654.1803074,,,,,,0.049581487,0.014387938,0.005518025,0.007835643,0.044684783,0.042064819,0.002352147,0.22682987,0.11403208,-0.008303609,0.010774223,0.247992422,0.225877676,0.019484777
DE,2013,Total,5237.739502,765.5865364,,,,,,,,0,0,0,0,0,0,0,0,0,0,0,0
DE,2014,Total,5334.287231,811.453373,,,,,,0.01843309,0.059910715,-0.019511996,-0.021921243,0.036054614,0.038638542,-0.002382838,0.01843309,0.059910715,-0.019511996,-0.021921243,0.036054614,0.038638542,-0.002382838
DE,2015,Total,5718.855469,862.1998825,,,,,,0.072093651,0.062537804,0.004718021,0.001489007,0.068676178,0.072096278,-0.003309345,0.091855653,0.12619521,-0.015026611,-0.020567873,0.106462438,0.113392684,-0.005662136
DE,2016,Total,5905.479492,912.1318474,,,,,,0.032633107,0.057912283,-0.010697726,0.006787477,0.047039828,0.028577654,0.0183652,0.12748629,0.19141574,-0.025803961,-0.014153685,0.15764657,0.144736186,0.012880581
DE,2017,Total,5805.246948,830.5703316,,,,,,-0.016972804,-0.08941856,-0.007416847,-0.028718641,-0.011450259,0.00860457,-0.021187917,0.10834969,0.08488106,-0.032793467,-0.042658369,0.144764749,0.155325808,-0.00928726
FL,2013,Total,4987.103516,847.4266891,,,,,,,,0,0,0,0,0,0,0,0,0,0,0,0
FL,2014,Total,5089.005493,853.6504936,,,,,,0.020433098,0.007344357,-0.023752365,-0.027077549,0.045782073,0.049366827,-0.003235847,0.020433098,0.007344357,-0.023752365,-0.027077549,0.045782073,0.049366827,-0.003235847
FL,2015,Total,5238.588867,875.7518616,,,,,,0.02939344,0.025890417,-0.022513334,-0.0137126,0.053083216,0.043752098,0.009263963,0.050427135,0.033424925,-0.045488659,-0.040359071,0.101366175,0.09559311,0.0061018
FL,2016,Total,5405.992065,896.4141006,,,,,,0.031955782,0.023593714,-0.009979178,-0.000872558,0.042832511,0.033104705,0.009507079,0.083994359,0.057807256,-0.054575641,-0.041330603,0.148393458,0.132147992,0.015997306
FL,2017,Total,5615.447144,904.8290939,,,,,,0.038744986,0.009387395,0.000267779,0.004997912,0.038783281,0.033805197,0.004877727,0.1259937,0.067737311,-0.053575624,-0.036261159,0.192977153,0.17057481,0.0210905
GA,2013,Total,4971.471313,1004.550072,,,,,,,,0,0,0,0,0,0,0,0,0,0,0,0
GA,2014,Total,4877.259399,885.8639259,,,,,,-0.018950509,-0.11814856,-0.055515485,-0.061631502,0.039373026,0.046123289,-0.006099623,-0.018950509,-0.11814856,-0.055515485,-0.061631502,0.039373026,0.046123289,-0.006099623
GA,2015,Total,5132.6651,937.2787132,,,,,,0.052366644,0.058039147,0.002094012,0.004686474,0.050246348,0.047603978,0.002653056,0.032423757,-0.066966653,-0.053425263,-0.057274776,0.091772422,0.09630092,-0.003284433
GA,2016,Total,5440.541626,976.2211456,,,,,,0.059983756,0.041548401,-0.001586486,0.015027044,0.061832762,0.044197185,0.016985081,0.094352409,-0.028200611,-0.054601448,-0.043289521,0.159185492,0.145168956,0.013947315
GA,2017,Total,5668.095886,1013.717903,,,,,,0.041825663,0.038410105,0.006504963,0.00292523,0.035343009,0.039084786,-0.003577323,0.14012443,0.009126307,-0.048429416,-0.040401956,0.1997509,0.189722184,0.010345348
HI,2013,Total,3132.473267,378.706152,,,,,,,,0,0,0,0,0,0,0,0,0,0,0,0
HI,2014,Total,2914.452637,363.0709038,,,,,,-0.069600157,-0.041285962,-0.054047843,-0.079535226,-0.007706221,0.02184333,-0.028259895,-0.069600157,-0.041285962,-0.054047843,-0.079535226,-0.007706221,0.02184333,-0.028259895
HI,2015,Total,3026.417114,388.9287148,,,,,,0.038416982,0.071219727,-0.004938952,0.013126816,0.039076124,0.023976568,0.017353935,-0.033857003,0.02699339,-0.057287083,-0.06617459,0.029336578,0.041995776,-0.011137063
HI,2016,Total,3299.469543,366.3896618,,,,,,0.090222999,-0.057951629,-0.057375839,-0.007828855,0.19050012,0.120771354,0.053355399,0.053311318,-0.032522552,-0.11199465,-0.081268491,0.221383853,0.161706838,0.041549763
HI,2017,Total,3625.890259,361.0052414,,,,,,0.098931268,-0.014695886,0.130528757,0.094814613,-0.003168296,0.023280315,-0.030303214,0.15751675,-0.046740487,-0.003444775,0.002603102,0.166915271,0.158374514,0.008843753
IA,2013,Total,4456.274414,770.3334885,,,,,,,,0,0,0,0,0,0,0,0,0,0,0,0
IA,2014,Total,4636.680603,795.7475624,,,,,,0.040483635,0.032991003,-0.009886467,-0.001977186,0.051544199,0.043197231,0.008013607,0.040483635,0.032991003,-0.009886467,-0.001977186,0.051544199,0.043197231,0.008013607
IA,2015,Total,4862.142822,818.0946083,,,,,,0.048625782,0.028083084,0.01265878,0.008834433,0.035421647,0.039488606,-0.003809013,0.091077968,0.062000576,0.002612063,0.006658731,0.088868322,0.08461956,0.004144626
IA,2016,Total,5065.145142,859.3707428,,,,,,0.041751616,0.050453987,-0.005638647,-0.000731335,0.047808015,0.042822066,0.005013551,0.13663223,0.11558274,-0.002926213,0.005976666,0.14087658,0.131048737,0.009221836
IA,2017,Total,5363.710083,896.2095909,,,,,,0.058944993,0.042867236,0.016474448,0.018657982,0.042877836,0.040279285,0.002426889,0.20363101,0.16340469,0.013551278,0.024641995,0.189335845,0.176485401,0.011840513
ID,2013,Total,4746.827332,823.3867493,,,,,,,,0,0,0,0,0,0,0,0,0,0,0,0
ID,2014,Total,5002.718323,845.8127518,,,,,,0.053907793,0.027236292,-0.002148018,-0.002184672,0.05902792,0.059568985,-0.000380499,0.053907793,0.027236292,-0.002148018,-0.002184672,0.05902792,0.059568985,-0.000380499
ID,2015,Total,5192.411743,827.1207237,,,,,,0.037918068,-0.022099487,-0.005732031,0.011391998,0.044445472,0.02687275,0.017348109,0.093869939,0.004534897,-0.007909037,0.009148331,0.106235014,0.088202537,0.016962289
ID,2016,Total,5345.878662,859.420536,,,,,,0.029555999,0.039050903,-0.017137386,0.007029926,0.047077914,0.022148065,0.024896173,0.12620036,0.043762892,-0.023951497,0.016473074,0.158898953,0.112697391,0.04223343
ID,2017,Total,5457.538086,878.6077499,,,,,,0.02088701,0.022325756,-0.007238654,-0.011487102,0.029250272,0.033891863,-0.004367748,0.14972332,0.067065693,-0.030781523,0.004326062,0.193203004,0.149919813,0.037576977
IL,2013,Total,4804.727783,784.9412422,,,,,,,,0,0,0,0,0,0,0,0,0,0,0,0
IL,2014,Total,4975.825134,804.1974411,,,,,,0.035610206,0.024532026,-0.008692007,-0.007894907,0.045781503,0.044809511,0.000935707,0.035610206,0.024532026,-0.008692007,-0.007894907,0.045781503,0.044809511,0.000935707
IL,2015,Total,5127.961304,822.9947128,,,,,,0.030575063,0.02337395,0.002682701,0.003708563,0.028199198,0.027182503,0.00102948,0.067274056,0.048479386,-0.005728069,-0.004033569,0.075696575,0.073755431,0.001970903
IL,2016,Total,5293.860535,853.3859367,,,,,,0.032351889,0.036927607,0.005664519,0.014152025,0.026788585,0.017707105,0.008912214,0.10180239,0.087197222,0.000724657,0.010369812,0.105518753,0.093799531,0.011030361
IL,2017,Total,5478.083008,875.2712517,,,,,,0.034799267,0.025645273,0.003158745,-0.001501404,0.03154514,0.036232893,-0.00422054,0.1401443,0.11507869,0.005512197,0.009223252,0.140339209,0.13312326,0.007244546
IN,2013,Total,5210.604614,884.7250404,,,,,,,,0,0,0,0,0,0,0,0,0,0,0,0
IN,2014,Total,5356.942139,898.9347382,,,,,,0.028084558,0.016061146,-0.017926468,-0.015640213,0.047793092,0.045384134,0.002465162,0.028084558,0.016061146,-0.017926468,-0.015640213,0.047793092,0.045384134,0.002465162
IN,2015,Total,5499.144104,941.6791687,,,,,,0.026545361,0.047550093,-0.006349672,-0.004528454,0.0334918,0.031759688,0.001823904,0.055375434,0.064374946,-0.024002551,-0.020015518,0.083157569,0.079131874,0.004333214
IN,2016,Total,5714.871948,987.5739822,,,,,,0.039229348,0.048737209,-0.00598923,0.006360403,0.045411626,0.032356452,0.012711761,0.096777126,0.11624961,-0.029289921,-0.013567752,0.133035108,0.115087099,0.017124895
IN,2017,Total,6042.748291,1020.782295,,,,,,0.057372473,0.03362615,0.014996337,0.012626503,0.042462832,0.044711153,-0.002160237,0.15970194,0.1537848,-0.014015294,-0.000934274,0.181130197,0.16451426,0.015218275
KS,2013,Total,4367.477234,822.0569229,,,,,,,,0,0,0,0,0,0,0,0,0,0,0,0
KS,2014,Total,4275.733459,835.6815872,,,,,,-0.021006126,0.016573871,-0.040211187,-0.050497777,0.021949029,0.033172653,-0.010634073,-0.021006126,0.016573871,-0.040211187,-0.050497777,0.021949029,0.033172653,-0.010634073
KS,2015,Total,4324.075623,817.2576599,,,,,,0.011306169,-0.022046588,-0.017154778,-0.015602513,0.02902305,0.027298391,0.001726534,-0.009937456,-0.005838115,-0.056333804,-0.064991084,0.05166107,0.061471717,-0.009002909
KS,2016,Total,4708.336731,901.8292122,,,,,,0.088865489,0.10348212,0.069179646,0.082165533,0.019022243,0.006836551,0.012207037,0.078044936,0.097039863,0.008556028,0.010869113,0.072325889,0.069532542,0.003036979
KS,2017,Total,4886.632935,939.2108688,,,,,,0.037868194,0.041450925,0.002629138,0.005976834,0.035102329,0.031575173,0.003438871,0.11886855,0.14251319,0.011684526,0.016948304,0.109789358,0.103077509,0.006610626
KY,2013,Total,4963.657104,815.8344536,,,,,,,,0,0,0,0,0,0,0,0,0,0,0,0
KY,2014,Total,5024.302673,903.9689674,,,,,,0.01221792,0.1080299,-0.035608608,-0.042033829,0.05073383,0.057820687,-0.006551998,0.01221792,0.1080299,-0.035608608,-0.042033829,0.05073383,0.057820687,-0.006551998
KY,2015,Total,5013.105896,934.5435181,,,,,,-0.002228524,0.033822566,-0.022296104,-0.009847789,0.024174951,0.00914256,0.014603698,0.00996217,0.14550631,-0.057444787,-0.051270781,0.075612059,0.067137225,0.007534819
KY,2016,Total,5212.591797,966.887104,,,,,,0.039792877,0.034608968,-0.005720707,0.012892367,0.045494829,0.025890077,0.019082364,0.050151467,0.1851511,-0.061263778,-0.03861118,0.125919497,0.095669711,0.0269759
KY,2017,Total,5566.416382,1025.368858,,,,,,0.06787882,0.060484573,0.024929687,0.025558364,0.041685914,0.041039421,0.00065868,0.12143451,0.25683448,-0.037285361,-0.013918233,0.173046064,0.140083374,0.027949137
LA,2013,Total,4958.033203,940.2781601,,,,,,,,0,0,0,0,0,0,0,0,0,0,0,0
LA,2014,Total,5125.803162,948.8172913,,,,,,0.033838008,0.009081495,0.002691401,0.007033952,0.031664575,0.027275672,0.004422378,0.033838008,0.009081495,0.002691401,0.007033952,0.031664575,0.027275672,0.004422378
LA,2015,Total,5306.26886,952.5489426,,,,,,0.035207301,0.003932951,-0.003020454,0.000395295,0.038909454,0.035179731,0.003648938,0.070236653,0.013050162,-0.000120425,0.007500196,0.07243479,0.064106719,0.008193835
LA,2016,Total,5425.120972,985.4172211,,,,,,0.022398435,0.034505606,0.000739013,0.008054415,0.022245302,0.014676436,0.00751597,0.094208278,0.048006073,0.00095968,0.015932452,0.096472069,0.079831837,0.01600932
LA,2017,Total,5576.525757,1012.962799,,,,,,0.027908094,0.027953213,-0.003947885,-0.002663363,0.032605205,0.031165706,0.001507491,0.12474555,0.077301212,-0.002887346,0.013194828,0.13102795,0.112599495,0.017897569
MA,2013,Total,4475.287598,683.5942307,,,,,,,,0,0,0,0,0,0,0,0,0,0,0,0
MA,2014,Total,4696.412781,740.7290382,,,,,,0.049410272,0.083580002,-0.016898737,-0.007905797,0.069013746,0.059447318,0.009300797,0.049410272,0.083580002,-0.016898737,-0.007905797,0.069013746,0.059447318,0.009300797
MA,2015,Total,4799.704346,778.0233955,,,,,,0.021993715,0.050348178,-0.011539283,-0.000602463,0.03404863,0.022861216,0.011030257,0.072490707,0.13813628,-0.028083301,-0.008637868,0.105722038,0.084314459,0.020371153
MA,2016,Total,5108.073608,830.4701347,,,,,,0.064247556,0.067410231,0.014787715,0.029846527,0.048287606,0.033161202,0.014842185,0.14139561,0.21485831,-0.013736463,0.021038534,0.160240293,0.122149592,0.035628687
MA,2017,Total,5426.465393,864.9545097,,,,,,0.062331088,0.041523919,0.009577206,0.016383056,0.052155723,0.045213111,0.006715782,0.21254003,0.265304,-0.004210372,0.037279824,0.220483229,0.172691051,0.04231315
MD,2013,Total,4289.899658,633.593338,,,,,,,,0,0,0,0,0,0,0,0,0,0,0,0
MD,2014,Total,4391.691589,658.2639694,,,,,,0.023728278,0.038937643,-0.019754461,-0.019698458,0.045119849,0.045065574,9.73797E-05,0.023728278,0.038937643,-0.019754461,-0.019698458,0.045119849,0.045065574,9.73797E-05
MD,2015,Total,4500.430176,677.9138832,,,,,,0.024760069,0.029851116,-0.011389699,-0.012542086,0.037125368,0.038219008,-0.001176441,0.049075861,0.069951087,-0.030732475,-0.031916557,0.08433982,0.085416706,-0.001057887
MD,2016,Total,4663.75116,709.1358871,,,,,,0.036290083,0.046056002,-0.001280706,0.008094596,0.037676091,0.027954515,0.009422215,0.087146908,0.11922877,-0.031998747,-0.024075912,0.125296026,0.116089844,0.008403255
MD,2017,Total,4919.143188,716.8562241,,,,,,0.054761074,0.010886964,0.005438645,0.010400031,0.049110084,0.043756749,0.005202335,0.14668025,0.13141376,-0.026197466,-0.013603443,0.179987194,0.164571367,0.013664175
ME,2013,Total,5096.324097,848.1870842,,,,,,,,0,0,0,0,0,0,0,0,0,0,0,0
ME,2014,Total,5355.711792,871.2264519,,,,,,0.050897017,0.027163073,-0.019729014,0.006797128,0.073146084,0.044921315,0.027456149,0.050897017,0.027163073,-0.019729014,0.006797128,0.073146084,0.044921315,0.027456149
ME,2015,Total,5602.692932,876.5202637,,,,,,0.046115465,0.006076275,-0.009961636,-0.008086071,0.056839387,0.055334007,0.001711502,0.099359624,0.033404399,-0.029431377,-0.001675729,0.13456648,0.10322726,0.029109858
ME,2016,Total,6036.305054,922.8178749,,,,,,0.077393517,0.052819785,0.02084093,0.035675334,0.055491433,0.040691782,0.014384875,0.18444294,0.087988593,-0.009611556,0.033432815,0.198425014,0.149588667,0.044093746
ME,2017,Total,5993.192017,998.1793785,,,,,,-0.00714229,0.081664547,-0.046839474,-0.038170828,0.042451016,0.033226242,0.009041764,0.17598329,0.1768387,-0.055870826,-0.006383468,0.248420306,0.186121948,0.053415799
MI,2013,Total,4318.121338,738.9861717,,,,,,,,0,0,0,0,0,0,0,0,0,0,0,0
MI,2014,Total,4380.958862,756.3974113,,,,,,0.014552051,0.023560982,-0.01770955,-0.020079257,0.033598065,0.036411282,-0.002287733,0.014552051,0.023560982,-0.01770955,-0.020079257,0.033598065,0.036411282,-0.002287733
MI,2015,Total,4533.513062,783.5263481,,,,,,0.034822103,0.035865985,-0.010177245,-0.005858799,0.045674725,0.041126457,0.004515957,0.049880888,0.060272001,-0.027639897,-0.02570339,0.081067848,0.079423804,0.002575797
MI,2016,Total,4722.80957,845.6030502,,,,,,0.041754927,0.079227328,0.00890072,0.018624784,0.032201305,0.022405327,0.009657169,0.093718588,0.14427452,-0.018799654,-0.007368036,0.116263837,0.104710699,0.012454344
MI,2017,Total,4961.239502,877.8031425,,,,,,0.050484765,0.038079441,0.008604481,0.014016861,0.041346915,0.035687883,0.005558016,0.14893471,0.18784785,-0.009823192,0.006761145,0.161889391,0.144288051,0.018149822
MN,2013,Total,5192.434875,810.6662445,,,,,,,,0,0,0,0,0,0,0,0,0,0,0,0
MN,2014,Total,5185.847595,803.4651375,,,,,,-0.00126863,-0.008882949,-0.054899015,-0.039878419,0.057535971,0.040871387,0.01594636,-0.00126863,-0.008882949,-0.054899015,-0.039878419,0.057535971,0.040871387,0.01594636
MN,2015,Total,5165.273926,803.2946663,,,,,,-0.003967272,-0.00021217,-0.036845981,-0.035684105,0.035423321,0.034464502,0.000976335,-0.00523087,-0.009093234,-0.089116253,-0.073198155,0.09485733,0.076872106,0.016841999
MN,2016,Total,5437.326721,835.472065,,,,,,0.052669577,0.04005678,-0.002907106,0.011441322,0.056086741,0.041332462,0.014430987,0.0471632,0.030599302,-0.090980721,-0.061407712,0.156368285,0.12172471,0.031674837
MN,2017,Total,5987.65094,914.9593163,,,,,,0.10121228,0.095140524,0.048600071,0.061657417,0.051917112,0.038649096,0.012846979,0.15314898,0.12865105,-0.050940784,-0.009145827,0.21676451,0.165592909,0.044722674
MO,2013,Total,4318.477417,793.4371567,,,,,,,,0,0,0,0,0,0,0,0,0,0,0,0
MO,2014,Total,4503.120911,815.1113167,,,,,,0.042756621,0.027316796,-0.011809828,-0.011504292,0.055706096,0.055203681,0.000395384,0.042756621,0.027316796,-0.011809828,-0.011504292,0.055706096,0.055203681,0.000395384
MO,2015,Total,4655.871277,854.6196823,,,,,,0.033921,0.048469901,-0.01076772,-0.012572342,0.045781616,0.047350915,-0.001275658,0.078127965,0.077110738,-0.022266566,-0.023855883,0.103957355,0.105273243,-0.000796784
MO,2016,Total,4953.213013,877.2862511,,,,,,0.063863821,0.026522404,0.012464323,0.019651544,0.051373549,0.043616149,0.007547463,0.14698134,0.10567831,-0.010425152,-0.004802972,0.161238879,0.154278846,0.006815189
MO,2017,Total,5184.340027,904.0774651,,,,,,0.046662036,0.030538738,0.003978488,0.001716526,0.041953915,0.044253329,-0.002208595,0.20050183,0.13944432,-0.006104295,-0.002819914,0.209246662,0.205360111,0.004492722
MS,2013,Total,4732.851135,935.3131332,,,,,,,,0,0,0,0,0,0,0,0,0,0,0,0
MS,2014,Total,4890.218872,951.1397171,,,,,,0.033250093,0.016921161,-0.006203129,-0.008787279,0.040071159,0.043032692,-0.002549161,0.033250093,0.016921161,-0.006203129,-0.008787279,0.040071159,0.043032692,-0.002549161
MS,2015,Total,4889.353271,944.6051331,,,,,,-0.000177007,-0.006870267,-0.011038468,-0.007119764,0.01157155,0.00770075,0.004090226,0.0330672,0.009934641,-0.016818484,-0.015330251,0.052045393,0.051158704,0.001730391
MS,2016,Total,5192.847412,971.9767647,,,,,,0.062072452,0.028976798,0.01011224,0.021508043,0.052299914,0.040253481,0.011815615,0.097192213,0.039199311,-0.007323539,0.005611842,0.107011104,0.094270726,0.013919623
MS,2017,Total,5384.850952,1014.016739,,,,,,0.036974616,0.043252036,0.003673435,-0.005042854,0.03377897,0.043391544,-0.008533875,0.13776048,0.084146798,-0.003390608,0.000240367,0.143409768,0.141226787,0.00597682
MT,2013,Total,4748.034729,797.0906868,,,,,,,,0,0,0,0,0,0,0,0,0,0,0,0
MT,2014,Total,4918.554993,812.182251,,,,,,0.035913862,0.018933309,-0.003728806,0.000431829,0.041811339,0.037202598,0.004250011,0.035913862,0.018933309,-0.003728806,0.000431829,0.041811339,0.037202598,0.004250011
MT,2015,Total,5257.842712,847.324646,,,,,,0.068981178,0.043269102,0.012912415,0.002222005,0.060235534,0.070118911,-0.009818891,0.10737242,0.063021637,0.009406699,0.002601177,0.099366465,0.105716341,-0.005782128
MT,2016,Total,5147.441284,845.4253464,,,,,,-0.020997476,-0.002241525,-0.049610897,-0.029773258,0.032850297,0.010963039,0.022268856,0.084120393,0.060638845,-0.039329278,-0.026427187,0.134874942,0.116718974,0.016242274
MT,2017,Total,5335.899048,873.4000053,,,,,,0.03661193,0.033089448,0.025778052,0.029465367,0.01320861,0.007731868,0.004873806,0.12381214,0.095734805,-0.017273689,0.00203561,0.148691742,0.124950759,0.020387412
NC,2013,Total,4861.832214,847.0162201,,,,,,,,0,0,0,0,0,0,0,0,0,0,0,0
NC,2014,Total,4933.322205,863.0534401,,,,,,0.014704331,0.018933782,-0.027766992,-0.024569537,0.043960661,0.040551947,0.003387828,0.014704331,0.018933782,-0.027766992,-0.024569537,0.043960661,0.040551947,0.003387828
NC,2015,Total,5196.022217,885.2919083,,,,,,0.053250123,0.025767198,0.008645611,0.013767414,0.044122836,0.03881958,0.005252127,0.068737462,0.045188848,-0.019310787,-0.011153568,0.089897642,0.080985126,0.008721682
NC,2016,Total,5400.233276,930.4814606,,,,,,0.039301421,0.051044803,0.005545685,0.006800588,0.034051269,0.032561133,0.001697768,0.11074036,0.098540306,-0.013843376,-0.004553951,0.127378792,0.116824904,0.010875117
NC,2017,Total,5531.719849,954.8737488,,,,,,0.024348313,0.026214696,0.010587919,0.004396202,0.012909527,0.018917194,-0.005911819,0.13778502,0.12733822,-0.002958035,-0.000352231,0.142227521,0.138526412,0.005029825
ND,2013,Total,4617.812073,824.8644943,,,,,,,,0,0,0,0,0,0,0,0,0,0,0,0
ND,2014,Total,4655.447327,846.3367157,,,,,,0.008150019,0.026031211,-0.01423226,-0.004565014,0.025875214,0.015935195,0.009772632,0.008150019,0.026031211,-0.01423226,-0.004565014,0.025875214,0.015935195,0.009772632
ND,2015,Total,4863.234314,849.1452942,,,,,,0.044633087,0.003318512,-0.010441049,-0.023099594,0.058292628,0.071586209,-0.012819944,0.053146865,0.029436108,-0.025487953,-0.027786958,0.086705183,0.089011591,-0.003066033
ND,2016,Total,5846.3573,902.9911194,,,,,,0.20215414,0.063411795,0.076328047,0.124510904,0.122395198,0.072274341,0.044884891,0.26604488,0.094714493,0.049408308,0.089616446,0.215026714,0.168313269,0.040003378
ND,2017,Total,6131.417847,998.3721237,,,,,,0.04875866,0.10562784,0.037890466,0.021495557,0.013744524,0.029516641,-0.016522076,0.32777554,0.21034683,0.088725829,0.111058381,0.226094244,0.201146499,0.021816345
NE,2013,Total,4929.858459,855.2434349,,,,,,,,0,0,0,0,0,0,0,0,0,0,0,0
NE,2014,Total,5121.326233,892.923996,,,,,,0.03883839,0.044058286,-0.002524655,0.001448551,0.042385251,0.038253243,0.00405813,0.03883839,0.044058286,-0.002524655,0.001448551,0.042385251,0.038253243,0.00405813
NE,2015,Total,5306.999268,918.2265282,,,,,,0.036254872,0.028336715,0.004369762,0.007570332,0.032500057,0.02922996,0.003298262,0.076501347,0.073643468,0.001819372,0.008883925,0.076615946,0.069111732,0.00745204
NE,2016,Total,5534.398438,967.442585,,,,,,0.042848919,0.053599037,0.015373765,0.013742499,0.026888065,0.028520902,-0.001551848,0.12262826,0.13118972,0.017530059,0.022908596,0.106516879,0.100727786,0.005995273
NE,2017,Total,5771.612671,1012.308254,,,,,,0.042861793,0.046375535,-0.003126764,-0.002393948,0.047422419,0.046594833,0.000893732,0.17074612,0.18364926,0.014991605,0.020716256,0.15737012,0.150615048,0.007161689
NH,2013,Total,5546.502991,797.5183182,,,,,,,,0,0,0,0,0,0,0,0,0,0,0,0
NH,2014,Total,5772.850342,848.5740547,,,,,,0.04080902,0.064018264,-0.012979181,-0.005951607,0.055670037,0.048640902,0.006894554,0.04080902,0.064018264,-0.012979181,-0.005951607,0.055670037,0.048640902,0.006894554
NH,2015,Total,5897.969238,884.7031593,,,,,,0.021673677,0.042576253,-0.012910128,0.006938399,0.034866827,0.014625267,0.020166864,0.063367181,0.10932017,-0.025658124,0.001039017,0.092485534,0.064131354,0.027249479
NH,2016,Total,6411.731567,952.7234955,,,,,,0.087108344,0.076884925,0.021283438,0.036509035,0.06430372,0.048595674,0.015075197,0.15599534,0.19461018,-0.004804535,0.037922183,0.163399041,0.11691357,0.042606612
NH,2017,Total,6720.023315,1004.1661,,,,,,0.048082449,0.053995315,0.010587963,0.012041377,0.037233313,0.035795121,0.001377037,0.21157841,0.25911352,0.005221794,0.049442724,0.206350014,0.156423837,0.043997658
NJ,2013,Total,5480.78302,779.9230194,,,,,,,,0,0,0,0,0,0,0,0,0,0,0,0
NJ,2014,Total,5670.252686,799.2129059,,,,,,0.034569819,0.024733065,-0.01543901,-0.016238311,0.050451549,0.051084423,-0.000662198,0.034569819,0.024733065,-0.01543901,-0.016238311,0.050451549,0.051084423,-0.000662198
NJ,2015,Total,5871.930908,828.1774139,,,,,,0.035567768,0.036241293,-0.011469905,-0.004674296,0.047145875,0.039896204,0.007005479,0.071367152,0.061870713,-0.026434079,-0.020774235,0.100562318,0.093530335,0.006384356
NJ,2016,Total,6204.665894,848.3682709,,,,,,0.056665342,0.02437987,0.016700625,0.023229417,0.039572303,0.032751653,0.006548132,0.13207655,0.087758981,-0.009553673,0.002200436,0.144556031,0.12951366,0.013083272
NJ,2017,Total,6401.834717,862.472477,,,,,,0.031777509,0.016625099,-0.002587893,-0.0005631,0.034916337,0.032783743,0.002042901,0.16805111,0.10584308,-0.011701392,0.001961168,0.183973756,0.166167066,0.015094791
NM,2013,Total,4592.203308,760.5652084,,,,,,,,0,0,0,0,0,0,0,0,0,0,0,0
NM,2014,Total,4784.762878,797.3000298,,,,,,0.041931849,0.048299372,0.004785873,-0.002699642,0.03784493,0.046203969,-0.007145939,0.041931849,0.048299372,0.004785873,-0.002699642,0.03784493,0.046203969,-0.007145939
NM,2015,Total,4898.516296,803.3293381,,,,,,0.023774097,0.007562157,-0.025494857,-0.017511877,0.050842579,0.042300882,0.008430523,0.066702835,0.056226775,-0.020750668,-0.020159485,0.090799426,0.090717418,0.001404726
NM,2016,Total,5439.753235,850.0461807,,,,,,0.11048997,0.058154035,0.015781607,0.03558101,0.094797386,0.07318821,0.019878046,0.1845628,0.11765063,-0.004968249,0.014984243,0.193844713,0.169480339,0.021735321
NM,2017,Total,5408.175476,879.7202301,,,,,,-0.005804998,0.034908749,0.00306082,-0.005928239,-0.00331213,0.00305552,-0.006850605,0.17768642,0.15666641,0.000417171,0.009728471,0.185840368,0.17189228,0.01499638
NV,2013,Total,4279.235535,741.0906792,,,,,,,,0,0,0,0,0,0,0,0,0,0,0,0
NV,2014,Total,4530.539612,764.0254745,,,,,,0.058726396,0.030947354,-0.027283098,-0.013242321,0.090434415,0.074092885,0.014720078,0.058726396,0.030947354,-0.027283098,-0.013242321,0.090434415,0.074092885,0.014720078
NV,2015,Total,4626.080383,790.5474968,,,,,,0.021088166,0.034713533,-0.028232038,-0.035729403,0.051403824,0.059369086,-0.007634875,0.081052996,0.066735178,-0.054721939,-0.04860794,0.14622858,0.138150256,0.006864428
NV,2016,Total,4806.050171,801.5763168,,,,,,0.0389033,0.013950863,0.001512771,0.006853147,0.037764123,0.032099434,0.0056387,0.12310952,0.08161705,-0.053613962,-0.042193253,0.188550524,0.174915671,0.012473453
NV,2017,Total,5027.621155,832.9364243,,,,,,0.046102513,0.039123047,0.011772674,0.008176267,0.033864276,0.037598254,-0.003528291,0.17488769,0.12393321,-0.042315394,-0.034322715,0.228308823,0.219307333,0.008970732
NY,2013,Total,4981.963806,709.3516426,,,,,,,,0,0,0,0,0,0,0,0,0,0,0,0
NY,2014,Total,5230.506104,753.3270226,,,,,,0.049888417,0.061993767,-0.00614223,-0.002697913,0.058038301,0.054283833,0.003526581,0.049888417,0.061993767,-0.00614223,-0.002697913,0.058038301,0.054283833,0.003526581
NY,2015,Total,5565.459106,810.3720322,,,,,,0.064038351,0.075724095,-0.000933037,0.005986177,0.065584593,0.05817121,0.007020756,0.11712155,0.14241229,-0.006788414,0.00340741,0.128457883,0.116640879,0.010581221
NY,2016,Total,5951.419678,851.0967255,,,,,,0.069349281,0.050254319,0.018650853,0.026274844,0.049927001,0.04215104,0.007469207,0.19459312,0.19982344,0.011964052,0.029997333,0.185314503,0.164334929,0.018151764
NY,2017,Total,6335.042969,850.4500008,,,,,,0.064459123,-0.000759872,0.010346132,0.01488099,0.054034942,0.048846333,0.004853819,0.27159554,0.19891173,0.02246431,0.045203057,0.250782661,0.222188812,0.023296967
OH,2013,Total,4940.153442,805.5804176,,,,,,,,0,0,0,0,0,0,0,0,0,0,0,0
OH,2014,Total,5107.528564,841.034256,,,,,,0.03388055,0.044010304,-0.011383708,-0.011620343,0.046430947,0.046714649,-8.29062E-05,0.03388055,0.044010304,-0.011383708,-0.011620343,0.046430947,0.046714649,-8.29062E-05
OH,2015,Total,5358.688293,883.2372169,,,,,,0.049174417,0.050179835,-0.006539861,-0.000762999,0.056503597,0.050325082,0.005911547,0.084721021,0.09639857,-0.017691007,-0.012302791,0.105704587,0.09986618,0.005897276
OH,2016,Total,5685.454346,934.1831436,,,,,,0.060978737,0.057680909,0.007469387,0.018883941,0.053244198,0.041266704,0.011525946,0.15086594,0.15963984,-0.010192373,0.006425859,0.164521623,0.145659702,0.017593853
OH,2017,Total,5974.91272,979.7603493,,,,,,0.050912093,0.048788298,0.004967894,0.006297654,0.045547195,0.044242667,0.001381578,0.20945893,0.21621668,-0.004897156,0.012805044,0.217366047,0.196333442,0.019154707
OK,2013,Total,4591.547424,898.1113663,,,,,,,,0,0,0,0,0,0,0,0,0,0,0,0
OK,2014,Total,4690.168335,920.3113251,,,,,,0.021478796,0.024718491,0.002027976,0.000225289,0.020390119,0.0221309,-0.00173295,0.021478796,0.024718491,0.002027976,0.000225289,0.020390119,0.0221309,-0.00173295
OK,2015,Total,4875.329651,938.7765427,,,,,,0.039478607,0.020064099,0.003502706,0.004862357,0.035730004,0.034246179,0.001519551,0.061805356,0.045278545,0.005874924,0.005490748,0.056996152,0.057462224,-0.000244936
OK,2016,Total,5248.417358,976.3840408,,,,,,0.076525636,0.040060118,-0.004165514,0.01644228,0.082545024,0.060018058,0.021242142,0.14306068,0.087152526,0.001729032,0.021071671,0.144086652,0.121321904,0.021153533
OK,2017,Total,5426.516235,1014.52787,,,,,,0.033933826,0.039066419,0.013211678,0.006272723,0.020675534,0.028252564,-0.006786433,0.18184911,0.12962368,0.015197986,0.026986466,0.1675344,0.152807564,0.014719021
OR,2013,Total,4449.382935,733.7006721,,,,,,,,0,0,0,0,0,0,0,0,0,0,0,0
OR,2014,Total,4546.231018,735.8019791,,,,,,0.021766633,0.002863984,-0.021376137,-0.023824628,0.046109978,0.048372134,-0.002162047,0.021766633,0.002863984,-0.021376137,-0.023824628,0.046109978,0.048372134,-0.002162047
OR,2015,Total,4698.501099,758.7371635,,,,,,0.033493698,0.031170322,-0.000111239,-0.001685308,0.034224299,0.036063798,-0.001831655,0.055989373,0.034123577,-0.020855039,-0.025050749,0.081964789,0.086608232,-0.00419047
OR,2016,Total,4888.491821,798.2567978,,,,,,0.040436454,0.052086066,0.001133189,0.009983912,0.039091191,0.030246589,0.008773918,0.098689839,0.087987006,-0.01957065,-0.015238485,0.125115158,0.120221956,0.004462054
OR,2017,Total,5112.419556,820.196022,,,,,,0.045807119,0.027483918,0.004749923,0.007962758,0.041221298,0.037698917,0.003678426,0.14901766,0.11788915,-0.014001771,-0.007117321,0.171604238,0.162603263,0.008171185
PA,2013,Total,4665.849243,706.7895241,,,,,,,,0,0,0,0,0,0,0,0,0,0,0,0
PA,2014,Total,4870.263306,741.265976,,,,,,0.043810688,0.048778951,-0.017944945,-0.017043444,0.06380577,0.062912798,0.00090859,0.043810688,0.048778951,-0.017944945,-0.017043444,0.06380577,0.062912798,0.00090859
PA,2015,Total,5092.858704,758.1637459,,,,,,0.045705002,0.022795826,0.015223521,0.019768366,0.030622869,0.026077135,0.004526859,0.091518059,0.072686732,-0.002731367,0.002617134,0.096907144,0.09118428,0.005426104
PA,2016,Total,5430.361084,799.9648399,,,,,,0.066269733,0.05513465,0.015054811,0.028857601,0.050340074,0.036259737,0.013629282,0.16385266,0.13182895,0.012437482,0.031628132,0.152144386,0.131258331,0.019141098
PA,2017,Total,5696.069702,773.8626518,,,,,,0.048930194,-0.03262917,0.002959884,0.005297258,0.046060458,0.043535386,0.002416706,0.22080021,0.094898306,0.015950683,0.03724179,0.204500258,0.179571498,0.021615278
RI,2013,Total,4998.017334,605.3036976,,,,,,,,0,0,0,0,0,0,0,0,0,0,0,0
RI,2014,Total,4950.986816,646.3563938,,,,,,-0.009409835,0.067821652,-0.042699213,-0.041402209,0.037756899,0.036584201,0.00148786,-0.009409835,0.067821652,-0.042699213,-0.041402209,0.037756899,0.036584201,0.00148786
RI,2015,Total,4986.579529,656.0878448,,,,,,0.007189014,0.015055859,-0.023240339,-0.013517317,0.03085212,0.020837506,0.009918956,-0.002288468,0.083898626,-0.064908258,-0.05421458,0.07004254,0.058551384,0.011376043
RI,2016,Total,5375.951904,692.9180908,,,,,,0.078084059,0.05613615,0.014202892,0.046824577,0.064012377,0.030806967,0.032447318,0.075616896,0.14474452,-0.051762393,-0.009091219,0.138405126,0.091544952,0.044296507
RI,2017,Total,5507.993164,715.6149139,,,,,,0.024561467,0.03275542,-0.001938504,-0.006029137,0.026227604,0.030834691,-0.004048028,0.10203563,0.18224111,-0.054260221,-0.015964144,0.16894077,0.126042407,0.040311676
SC,2013,Total,5505.587769,913.0244904,,,,,,,,0,0,0,0,0,0,0,0,0,0,0,0
SC,2014,Total,5595.719604,934.716114,,,,,,0.016370974,0.023757987,-0.02591674,-0.03345571,0.04421882,0.052429978,-0.007361209,0.016370974,0.023757987,-0.02591674,-0.03345571,0.04421882,0.052429978,-0.007361209
SC,2015,Total,5759.004272,964.3877563,,,,,,0.029180281,0.031744014,-0.011122758,-0.009587344,0.040395605,0.038936056,0.001668858,0.046028964,0.056256175,-0.036374115,-0.042351255,0.086379261,0.093829705,-0.0053174
SC,2016,Total,5994.109497,1020.784561,,,,,,0.040823936,0.058479387,0.005009462,0.0065061,0.035839307,0.034103741,0.001971017,0.088731982,0.11802539,-0.031197036,-0.036428659,0.125380209,0.13187311,-0.002486161
SC,2017,Total,6233.061523,1059.045586,,,,,,0.039864473,0.037481979,0.003233508,0.006332555,0.03630187,0.032858539,0.003312881,0.13213371,0.1599312,-0.027550377,-0.030372957,0.165818751,0.169574998,0.001280458
SD,2013,Total,5643.017639,934.9228516,,,,,,,,0,0,0,0,0,0,0,0,0,0,0,0
SD,2014,Total,5622.162598,957.0652466,,,,,,-0.003695725,0.02368366,-0.020024102,-0.0249627,0.019794837,0.025169568,-0.003005504,-0.003695725,0.02368366,-0.020024102,-0.0249627,0.019794837,0.025169568,-0.003005504
SD,2015,Total,6195.384521,968.3335724,,,,,,0.10195755,0.011773832,0.028362297,0.030510995,0.075014004,0.072533727,0.002154545,0.09788502,0.035736341,0.007301475,0.003920197,0.095148321,0.097195852,-0.000315267
SD,2016,Total,6281.889404,924.7390327,,,,,,0.013962795,-0.045020167,-0.039142644,-0.025195302,0.057207494,0.042561215,0.014375641,0.11321456,-0.010892684,-0.030980175,-0.019531161,0.158771539,0.145544609,0.01345548
SD,2017,Total,6733.141479,1017.250553,,,,,,0.071833812,0.10004068,0.017259139,-0.003684458,0.0563644,0.077119303,-0.018230496,0.19318101,0.088058285,-0.012313097,-0.025261364,0.223763179,0.232990127,-0.003796633
TN,2013,Total,4556.168213,872.6458015,,,,,,,,0,0,0,0,0,0,0,0,0,0,0,0
TN,2014,Total,4737.996399,892.1434364,,,,,,0.039908137,0.022343125,-0.011442464,-0.013303103,0.052001767,0.054016465,-0.00186469,0.039908137,0.022343125,-0.011442464,-0.013303103,0.052001767,0.054016465,-0.00186469
TN,2015,Total,4979.883728,924.2572937,,,,,,0.051052663,0.035996296,-0.000197659,0.010694875,0.05123755,0.039924232,0.010936262,0.092998214,0.059143689,-0.011594504,-0.002796692,0.105997676,0.096173201,0.009088209
TN,2016,Total,5154.319824,958.7583847,,,,,,0.035028145,0.037328448,-0.002590096,0.005858134,0.037570188,0.028740167,0.008640374,0.13128392,0.098679878,-0.01406504,0.003023481,0.147648627,0.128010239,0.01787763
TN,2017,Total,5306.263977,1006.41256,,,,,,0.029478991,0.049704049,-0.002856952,0.000818119,0.032606705,0.028811559,0.003682372,0.16463302,0.15328872,-0.017170691,0.003689221,0.184717968,0.160492705,0.021615972
TX,2013,Total,5110.118713,892.2597961,,,,,,,,0,0,0,0,0,0,0,0,0,0,0,0
TX,2014,Total,5374.111572,925.7288361,,,,,,0.051660806,0.037510421,0.008345505,0.002339205,0.04426395,0.050446514,-0.005839965,0.051660806,0.037510421,0.008345505,0.002339205,0.04426395,0.050446514,-0.005839965
TX,2015,Total,5654.894165,961.3302612,,,,,,0.052247256,0.038457725,0.002261051,0.006636327,0.050019618,0.045452042,0.004422858,0.1066072,0.077410713,0.01081782,0.008790946,0.097026769,0.098732207,-0.001418732
TX,2016,Total,5959.815186,1004.488373,,,,,,0.053921614,0.044894155,0.00692841,0.014843757,0.047408517,0.038834889,0.008429625,0.16627724,0.12578015,0.019129797,0.024174954,0.148769336,0.141369846,0.007238602
TX,2017,Total,6056.685059,1032.299385,,,,,,0.016253838,0.027686743,0.002494919,0.000384438,0.013950772,0.016210505,-0.002053466,0.18523373,0.15694934,0.021603667,0.023998345,0.16388154,0.159373932,0.005430777
UT,2013,Total,3772.562256,745.3465729,,,,,,,,0,0,0,0,0,0,0,0,0,0,0,0
UT,2014,Total,4042.374146,773.4021378,,,,,,0.071519531,0.037640966,-0.003144939,0.005675188,0.076280516,0.066401507,0.008955594,0.071519531,0.037640966,-0.003144939,0.005675188,0.076280516,0.066401507,0.008955594
UT,2015,Total,4142.070984,791.725502,,,,,,0.024662942,0.023691898,-0.014851464,-0.005150524,0.040758587,0.030797354,0.009868748,0.097946353,0.062224649,-0.017682249,0.000657649,0.120310898,0.099230622,0.018987637
UT,2016,Total,4442.464111,798.2313156,,,,,,0.072522447,0.008217259,0.015676162,0.041814707,0.056684042,0.029657028,0.026336642,0.17757212,0.070953228,-0.001998963,0.04274206,0.183469452,0.13142642,0.046205051
UT,2017,Total,4498.724915,816.2114182,,,,,,0.012664324,0.022524927,-0.015386405,-0.005555164,0.02830422,0.018133631,0.010056466,0.19248527,0.095076367,-0.01654627,0.03687964,0.216780279,0.151127134,0.056735169
VA,2013,Total,4673.566589,698.2514191,,,,,,,,0,0,0,0,0,0,0,0,0,0,0,0
VA,2014,Total,4847.649048,731.0558777,,,,,,0.03724831,0.046980869,-0.001505644,-0.004078751,0.038941056,0.04165375,-0.002533203,0.03724831,0.046980869,-0.001505644,-0.004078751,0.038941056,0.04165375,-0.002533203
VA,2015,Total,5034.584839,763.6950188,,,,,,0.038562153,0.044646576,-0.008365139,-0.000779816,0.047466354,0.039364196,0.007774591,0.077246837,0.093724981,-0.009784171,-0.004838332,0.088423999,0.082813521,0.005261193
VA,2016,Total,5200.034119,809.7561302,,,,,,0.032862548,0.060313489,0.002645698,0.010746903,0.030081841,0.021704416,0.008223734,0.11264791,0.15969135,-0.007219017,0.005823819,0.121443102,0.106799977,0.013519537
VA,2017,Total,5455.235962,835.3157387,,,,,,0.049076956,0.031564575,0.006235369,0.005954099,0.042948914,0.043308841,-0.000314674,0.16725329,0.19629651,-0.001116389,0.011770404,0.169191878,0.154318886,0.013304299
VT,2013,Total,5184.250427,822.1271706,,,,,,,,0,0,0,0,0,0,0,0,0,0,0,0
VT,2014,Total,5025.803772,848.3337669,,,,,,-0.030563079,0.031876571,-0.02572989,-0.048732887,-0.003736363,0.022412184,-0.02400095,-0.030563079,0.031876571,-0.02572989,-0.048732887,-0.003736363,0.022412184,-0.02400095
VT,2015,Total,5255.966797,877.0757294,,,,,,0.04579626,0.033880487,0.037750928,0.033873986,0.009591783,0.01187591,-0.002560125,0.013833508,0.066837057,0.010118749,-0.017761405,0.007509692,0.035550673,-0.026787265
VT,2016,Total,5756.13092,916.5710526,,,,,,0.0951612,0.045030687,-0.007501247,0.021858834,0.106456301,0.072350622,0.031721513,0.11031112,0.11487746,0.00221586,0.002978986,0.110508798,0.110607084,0.001820394
VT,2017,Total,6102.893555,960.9700012,,,,,,0.06024231,0.04844027,0.013500836,0.017909104,0.049908726,0.044989666,0.005099616,0.17719883,0.16888243,0.01377256,0.020406527,0.161348103,0.155570006,0.006663702
WA,2013,Total,4631.822327,747.9190636,,,,,,,,0,0,0,0,0,0,0,0,0,0,0,0
WA,2014,Total,4766.974487,737.2505112,,,,,,0.029179046,-0.014264314,-0.034681443,-0.029697779,0.067235841,0.061523009,0.005631244,0.029179046,-0.014264314,-0.034681443,-0.029697779,0.067235841,0.061523009,0.005631244
WA,2015,Total,4944.067993,747.5984116,,,,,,0.037150085,0.0140358,0.000286716,0.000578637,0.037154725,0.036962647,0.00023335,0.067413136,-0.000428726,-0.034183956,-0.028995667,0.106854727,0.101144893,0.005874947
WA,2016,Total,5072.603394,762.0339241,,,,,,0.025997903,0.01930918,-0.00964411,0.003260665,0.03547435,0.022309095,0.013026652,0.095163636,0.018872177,-0.043303199,-0.025761436,0.146486459,0.126635347,0.019033992
WA,2017,Total,5347.515869,774.5386353,,,,,,0.054195538,0.016409652,0.004744781,0.002827702,0.048699912,0.050546807,-0.00182164,0.15451662,0.035591513,-0.038137632,-0.022819254,0.203125298,0.184463814,0.017156014
WI,2013,Total,5368.27124,885.7757797,,,,,,,,0,0,0,0,0,0,0,0,0,0,0,0
WI,2014,Total,5570.616455,912.449646,,,,,,0.037692808,0.030113565,-0.010316011,-0.008590884,0.049340857,0.047573016,0.001772434,0.037692808,0.030113565,-0.010316011,-0.008590884,0.049340857,0.047573016,0.001772434
WI,2015,Total,5755.60498,946.0619087,,,,,,0.033207908,0.036837388,-0.006549693,-0.004808165,0.040830273,0.038904886,0.001854705,0.072152413,0.068060257,-0.016851213,-0.013505852,0.091865926,0.08833521,0.003595671
WI,2016,Total,6151.140869,980.2590904,,,,,,0.068721861,0.036146875,0.00654004,0.026761397,0.061906584,0.04101049,0.020241134,0.14583273,0.1066673,-0.009908115,0.013153184,0.160031531,0.133989647,0.023993493
WI,2017,Total,6354.821045,1015.003437,,,,,,0.033112586,0.035444044,-0.008090076,-0.008013224,0.040764555,0.040644168,0.000215812,0.1837742,0.14589207,-0.017541096,0.004816997,0.207657054,0.180493465,0.024316334
WV,2013,Total,5590.869873,822.4605637,,,,,,,,0,0,0,0,0,0,0,0,0,0,0,0
WV,2014,Total,5746.652466,850.3487015,,,,,,0.027863748,0.033908177,-0.006933158,-0.018200962,0.036349766,0.048041262,-0.011058263,0.027863748,0.033908177,-0.006933158,-0.018200962,0.036349766,0.048041262,-0.011058263
WV,2015,Total,5859.713379,893.6475258,,,,,,0.019674221,0.050918903,-0.007929149,-0.014240287,0.028037087,0.03535647,-0.006392671,0.048086166,0.086553648,-0.014386342,-0.031688031,0.06554154,0.085609068,-0.017082869
WV,2016,Total,6310.089111,966.9566917,,,,,,0.076859683,0.082033649,-0.002067823,0.035880665,0.078748911,0.039143185,0.038504229,0.12864174,0.17568761,-0.016495112,0.002385159,0.149149675,0.128070159,0.020034204
WV,2017,Total,6812.840088,1018.265274,,,,,,0.079674147,0.053061925,0.013058529,0.011744002,0.066965929,0.068594713,-0.001416048,0.21856532,0.23807186,-0.003386611,0.013903055,0.225480922,0.205096973,0.017948995
WY,2013,Total,6007.831909,911.7511597,,,,,,,,0,0,0,0,0,0,0,0,0,0,0,0
WY,2014,Total,6361.684387,964.6140442,,,,,,0.058898531,0.057979509,-0.004087345,0.013822975,0.064464173,0.045964186,0.018391341,0.058898531,0.057979509,-0.004087345,0.013822975,0.064464173,0.045964186,0.018391341
WY,2015,Total,6690.806702,981.043602,,,,,,0.051735088,0.01703226,-0.011740103,-0.004906903,0.064811017,0.057156214,0.006973678,0.11368074,0.07599929,-0.015616999,0.008642459,0.132770382,0.104971141,0.025653777
WY,2016,Total,6887.641174,981.2004623,,,,,,0.029418645,0.000159891,-0.009135217,0.008342972,0.041157108,0.02276831,0.017497453,0.14644372,0.076171331,-0.024265737,0.016879086,0.178808488,0.130172418,0.043487315
WY,2017,Total,6694.771057,1035.821259,,,,,,-0.028002346,0.055667315,-0.019096529,-0.039321653,-0.011569681,0.009377276,-0.021009499,0.11434061,0.13607891,-0.04147569,-0.02226678,0.165209468,0.141587703,0.021261507
US,2013,Total,4833.758545,776.4012871,,,,,,,,0,0,0,0,0,0,0,0,0,0,0,0
US,2014,Total,4974.470581,791.8727264,,,,,,0.029110273,0.019927118,-0.017733799,-0.017332345,0.048111342,0.047660938,0.000486112,0.029110273,0.019927118,-0.017733799,-0.017332345,0.048111342,0.047660938,0.000486112
US,2015,Total,5161.828369,816.1223297,,,,,,0.037663866,0.030623106,-0.007426692,-0.002643419,0.045392618,0.040428175,0.004847839,0.067870542,0.051160455,-0.024884667,-0.019869937,0.095967302,0.090389324,0.005364155
US,2016,Total,5415.68512,848.7130928,,,,,,0.049179617,0.039933674,0.002079303,0.012888138,0.047026738,0.03578968,0.0109041,0.12038801,0.093137152,-0.022691841,-0.007200914,0.147682533,0.12986511,0.01640332
US,2017,Total,5640.7771,870.8579712,,,,,,0.041562974,0.026092302,0.00474177,0.005069464,0.036666791,0.036336633,0.000386551,0.16695467,0.12165962,-0.017719152,-0.002132118,0.189404055,0.170574617,0.016907763
